
{
    "comment" : "This file is used to help set default values when using the dotnet CLI extension Amazon.ElasticBeanstalk.Tools. For more information run \"dotnet eb --help\" from the project root.",
    "profile" : "default",
    "region"  : "us-east-1",
    "application" : "PetSearch",
    "environment" : "PetSearch-prod",
    "cname"       : "petsearch-prod",
    "solution-stack" : "64bit Windows Server 2016 v2.5.2 running IIS 10.0",
    "environment-type" : "SingleInstance",
    "service-role"     : "aws-elasticbeanstalk-service-role",
    "health-check-url" : "/",
    "instance-type"    : "c1.medium",
    "key-pair"         : "aws-cloud9-k8s-workshop-615966e3c7ae4ae397c8eeddb6fe2df8",
    "iis-website"      : "Default Web Site",
    "app-path"         : "/",
    "enable-xray"      : true,
    "instance-profile" : "aws-elasticbeanstalk-ec2-role"
}