<Objs Version="1.1.0.1" xmlns="http://schemas.microsoft.com/powershell/2004/04">
  <Obj RefId="0">
    <TN RefId="0">
      <T>Microsoft.PowerShell.Commands.PSRepositoryItemInfo</T>
      <T>System.Management.Automation.PSCustomObject</T>
      <T>System.Object</T>
    </TN>
    <MS>
      <S N="Name">AWS.Tools.SimpleSystemsManagement</S>
      <S N="Version">4.0.5.0</S>
      <S N="Type">Module</S>
      <S N="Description">The SimpleSystemsManagement module of AWS Tools for PowerShell lets developers and administrators manage AWS Systems Manager from the PowerShell scripting environment. In order to manage each AWS service, install the corresponding module (e.g. AWS.Tools.EC2, AWS.Tools.S3...)._x000D__x000A_The module AWS.Tools.Installer (https://www.powershellgallery.com/packages/AWS.Tools.Installer/) makes it easier to install, update and uninstall the AWS.Tools modules._x000D__x000A_This version of AWS Tools for PowerShell is compatible with Windows PowerShell 5.1+ and PowerShell Core 6+ on Windows, Linux and macOS. When running on Windows PowerShell, .NET Framework 4.7.2 or newer is required. Alternative modules AWSPowerShell.NetCore and AWSPowerShell, provide support for all AWS services from a single module and also support older versions of Windows PowerShell and .NET Framework.</S>
      <S N="Author">Amazon.com Inc</S>
      <S N="CompanyName">aws-dotnet-sdk-team</S>
      <S N="Copyright">Copyright 2012-2020 Amazon.com, Inc. or its affiliates. All Rights Reserved.</S>
      <DT N="PublishedDate">2020-03-13T17:04:30+00:00</DT>
      <Nil N="InstalledDate" />
      <Nil N="UpdatedDate" />
      <URI N="LicenseUri">https://aws.amazon.com/apache-2-0/</URI>
      <URI N="ProjectUri">https://github.com/aws/aws-tools-for-powershell</URI>
      <URI N="IconUri">https://sdk-for-net.amazonwebservices.com/images/AWSLogo128x128.png</URI>
      <Obj N="Tags" RefId="1">
        <TN RefId="1">
          <T>System.Object[]</T>
          <T>System.Array</T>
          <T>System.Object</T>
        </TN>
        <LST>
          <S>AWS</S>
          <S>cloud</S>
          <S>Windows</S>
          <S>PSEdition_Desktop</S>
          <S>PSEdition_Core</S>
          <S>Linux</S>
          <S>MacOS</S>
          <S>Mac</S>
          <S>PSModule</S>
        </LST>
      </Obj>
      <Obj N="Includes" RefId="2">
        <TN RefId="2">
          <T>System.Collections.Hashtable</T>
          <T>System.Object</T>
        </TN>
        <DCT>
          <En>
            <S N="Key">Function</S>
            <Obj N="Value" RefId="3">
              <TNRef RefId="1" />
              <LST />
            </Obj>
          </En>
          <En>
            <S N="Key">DscResource</S>
            <Ref N="Value" RefId="3" />
          </En>
          <En>
            <S N="Key">Command</S>
            <Obj N="Value" RefId="4">
              <TNRef RefId="1" />
              <LST>
                <S>Add-SSMResourceTag</S>
                <S>Edit-SSMDocumentPermission</S>
                <S>Get-SSMActivation</S>
                <S>Get-SSMAssociation</S>
                <S>Get-SSMAssociationExecution</S>
                <S>Get-SSMAssociationExecutionTarget</S>
                <S>Get-SSMAssociationList</S>
                <S>Get-SSMAssociationVersionList</S>
                <S>Get-SSMAutomationExecution</S>
                <S>Get-SSMAutomationExecutionList</S>
                <S>Get-SSMAutomationStepExecution</S>
                <S>Get-SSMAvailablePatch</S>
                <S>Get-SSMCalendarState</S>
                <S>Get-SSMCommand</S>
                <S>Get-SSMCommandInvocation</S>
                <S>Get-SSMCommandInvocationDetail</S>
                <S>Get-SSMComplianceItemList</S>
                <S>Get-SSMComplianceSummaryList</S>
                <S>Get-SSMConnectionStatus</S>
                <S>Get-SSMDefaultPatchBaseline</S>
                <S>Get-SSMDeployablePatchSnapshotForInstance</S>
                <S>Get-SSMDocument</S>
                <S>Get-SSMDocumentDescription</S>
                <S>Get-SSMDocumentList</S>
                <S>Get-SSMDocumentPermission</S>
                <S>Get-SSMDocumentVersionList</S>
                <S>Get-SSMEffectiveInstanceAssociationList</S>
                <S>Get-SSMEffectivePatchesForPatchBaseline</S>
                <S>Get-SSMInstanceAssociationsStatus</S>
                <S>Get-SSMInstanceInformation</S>
                <S>Get-SSMInstancePatch</S>
                <S>Get-SSMInstancePatchState</S>
                <S>Get-SSMInstancePatchStatesForPatchGroup</S>
                <S>Get-SSMInventory</S>
                <S>Get-SSMInventoryDeletionList</S>
                <S>Get-SSMInventoryEntryList</S>
                <S>Get-SSMInventorySchema</S>
                <S>Get-SSMLatestEC2Image</S>
                <S>Get-SSMMaintenanceWindow</S>
                <S>Get-SSMMaintenanceWindowExecution</S>
                <S>Get-SSMMaintenanceWindowExecutionList</S>
                <S>Get-SSMMaintenanceWindowExecutionTask</S>
                <S>Get-SSMMaintenanceWindowExecutionTaskInvocation</S>
                <S>Get-SSMMaintenanceWindowExecutionTaskInvocationList</S>
                <S>Get-SSMMaintenanceWindowExecutionTaskList</S>
                <S>Get-SSMMaintenanceWindowList</S>
                <S>Get-SSMMaintenanceWindowSchedule</S>
                <S>Get-SSMMaintenanceWindowsForTarget</S>
                <S>Get-SSMMaintenanceWindowTarget</S>
                <S>Get-SSMMaintenanceWindowTask</S>
                <S>Get-SSMMaintenanceWindowTaskList</S>
                <S>Get-SSMOpsItem</S>
                <S>Get-SSMOpsItemSummary</S>
                <S>Get-SSMOpsSummary</S>
                <S>Get-SSMParameter</S>
                <S>Get-SSMParameterHistory</S>
                <S>Get-SSMParameterList</S>
                <S>Get-SSMParametersByPath</S>
                <S>Get-SSMParameterValue</S>
                <S>Get-SSMPatchBaseline</S>
                <S>Get-SSMPatchBaselineDetail</S>
                <S>Get-SSMPatchBaselineForPatchGroup</S>
                <S>Get-SSMPatchGroup</S>
                <S>Get-SSMPatchGroupState</S>
                <S>Get-SSMPatchProperty</S>
                <S>Get-SSMResourceComplianceSummaryList</S>
                <S>Get-SSMResourceDataSync</S>
                <S>Get-SSMResourceTag</S>
                <S>Get-SSMServiceSetting</S>
                <S>Get-SSMSession</S>
                <S>New-SSMActivation</S>
                <S>New-SSMAssociation</S>
                <S>New-SSMAssociationFromBatch</S>
                <S>New-SSMDocument</S>
                <S>New-SSMMaintenanceWindow</S>
                <S>New-SSMOpsItem</S>
                <S>New-SSMPatchBaseline</S>
                <S>New-SSMResourceDataSync</S>
                <S>Register-SSMDefaultPatchBaseline</S>
                <S>Register-SSMPatchBaselineForPatchGroup</S>
                <S>Register-SSMTargetWithMaintenanceWindow</S>
                <S>Register-SSMTaskWithMaintenanceWindow</S>
                <S>Remove-SSMActivation</S>
                <S>Remove-SSMAssociation</S>
                <S>Remove-SSMDocument</S>
                <S>Remove-SSMInventory</S>
                <S>Remove-SSMMaintenanceWindow</S>
                <S>Remove-SSMParameter</S>
                <S>Remove-SSMParameterCollection</S>
                <S>Remove-SSMPatchBaseline</S>
                <S>Remove-SSMResourceDataSync</S>
                <S>Remove-SSMResourceTag</S>
                <S>Reset-SSMServiceSetting</S>
                <S>Resume-SSMSession</S>
                <S>Send-SSMAutomationSignal</S>
                <S>Send-SSMCommand</S>
                <S>Set-SSMParameterVersionLabel</S>
                <S>Start-SSMAssociationsOnce</S>
                <S>Start-SSMAutomationExecution</S>
                <S>Start-SSMSession</S>
                <S>Stop-SSMAutomationExecution</S>
                <S>Stop-SSMCommand</S>
                <S>Stop-SSMMaintenanceWindowExecution</S>
                <S>Stop-SSMSession</S>
                <S>Unregister-SSMManagedInstance</S>
                <S>Unregister-SSMPatchBaselineForPatchGroup</S>
                <S>Unregister-SSMTargetFromMaintenanceWindow</S>
                <S>Unregister-SSMTaskFromMaintenanceWindow</S>
                <S>Update-SSMAssociation</S>
                <S>Update-SSMAssociationStatus</S>
                <S>Update-SSMDocument</S>
                <S>Update-SSMDocumentDefaultVersion</S>
                <S>Update-SSMMaintenanceWindow</S>
                <S>Update-SSMMaintenanceWindowTarget</S>
                <S>Update-SSMMaintenanceWindowTask</S>
                <S>Update-SSMManagedInstanceRole</S>
                <S>Update-SSMOpsItem</S>
                <S>Update-SSMPatchBaseline</S>
                <S>Update-SSMResourceDataSync</S>
                <S>Update-SSMServiceSetting</S>
                <S>Write-SSMComplianceItem</S>
                <S>Write-SSMInventory</S>
                <S>Write-SSMParameter</S>
              </LST>
            </Obj>
          </En>
          <En>
            <S N="Key">RoleCapability</S>
            <Ref N="Value" RefId="3" />
          </En>
          <En>
            <S N="Key">Workflow</S>
            <Ref N="Value" RefId="3" />
          </En>
          <En>
            <S N="Key">Cmdlet</S>
            <Obj N="Value" RefId="5">
              <TNRef RefId="1" />
              <LST>
                <S>Add-SSMResourceTag</S>
                <S>Edit-SSMDocumentPermission</S>
                <S>Get-SSMActivation</S>
                <S>Get-SSMAssociation</S>
                <S>Get-SSMAssociationExecution</S>
                <S>Get-SSMAssociationExecutionTarget</S>
                <S>Get-SSMAssociationList</S>
                <S>Get-SSMAssociationVersionList</S>
                <S>Get-SSMAutomationExecution</S>
                <S>Get-SSMAutomationExecutionList</S>
                <S>Get-SSMAutomationStepExecution</S>
                <S>Get-SSMAvailablePatch</S>
                <S>Get-SSMCalendarState</S>
                <S>Get-SSMCommand</S>
                <S>Get-SSMCommandInvocation</S>
                <S>Get-SSMCommandInvocationDetail</S>
                <S>Get-SSMComplianceItemList</S>
                <S>Get-SSMComplianceSummaryList</S>
                <S>Get-SSMConnectionStatus</S>
                <S>Get-SSMDefaultPatchBaseline</S>
                <S>Get-SSMDeployablePatchSnapshotForInstance</S>
                <S>Get-SSMDocument</S>
                <S>Get-SSMDocumentDescription</S>
                <S>Get-SSMDocumentList</S>
                <S>Get-SSMDocumentPermission</S>
                <S>Get-SSMDocumentVersionList</S>
                <S>Get-SSMEffectiveInstanceAssociationList</S>
                <S>Get-SSMEffectivePatchesForPatchBaseline</S>
                <S>Get-SSMInstanceAssociationsStatus</S>
                <S>Get-SSMInstanceInformation</S>
                <S>Get-SSMInstancePatch</S>
                <S>Get-SSMInstancePatchState</S>
                <S>Get-SSMInstancePatchStatesForPatchGroup</S>
                <S>Get-SSMInventory</S>
                <S>Get-SSMInventoryDeletionList</S>
                <S>Get-SSMInventoryEntryList</S>
                <S>Get-SSMInventorySchema</S>
                <S>Get-SSMLatestEC2Image</S>
                <S>Get-SSMMaintenanceWindow</S>
                <S>Get-SSMMaintenanceWindowExecution</S>
                <S>Get-SSMMaintenanceWindowExecutionList</S>
                <S>Get-SSMMaintenanceWindowExecutionTask</S>
                <S>Get-SSMMaintenanceWindowExecutionTaskInvocation</S>
                <S>Get-SSMMaintenanceWindowExecutionTaskInvocationList</S>
                <S>Get-SSMMaintenanceWindowExecutionTaskList</S>
                <S>Get-SSMMaintenanceWindowList</S>
                <S>Get-SSMMaintenanceWindowSchedule</S>
                <S>Get-SSMMaintenanceWindowsForTarget</S>
                <S>Get-SSMMaintenanceWindowTarget</S>
                <S>Get-SSMMaintenanceWindowTask</S>
                <S>Get-SSMMaintenanceWindowTaskList</S>
                <S>Get-SSMOpsItem</S>
                <S>Get-SSMOpsItemSummary</S>
                <S>Get-SSMOpsSummary</S>
                <S>Get-SSMParameter</S>
                <S>Get-SSMParameterHistory</S>
                <S>Get-SSMParameterList</S>
                <S>Get-SSMParametersByPath</S>
                <S>Get-SSMParameterValue</S>
                <S>Get-SSMPatchBaseline</S>
                <S>Get-SSMPatchBaselineDetail</S>
                <S>Get-SSMPatchBaselineForPatchGroup</S>
                <S>Get-SSMPatchGroup</S>
                <S>Get-SSMPatchGroupState</S>
                <S>Get-SSMPatchProperty</S>
                <S>Get-SSMResourceComplianceSummaryList</S>
                <S>Get-SSMResourceDataSync</S>
                <S>Get-SSMResourceTag</S>
                <S>Get-SSMServiceSetting</S>
                <S>Get-SSMSession</S>
                <S>New-SSMActivation</S>
                <S>New-SSMAssociation</S>
                <S>New-SSMAssociationFromBatch</S>
                <S>New-SSMDocument</S>
                <S>New-SSMMaintenanceWindow</S>
                <S>New-SSMOpsItem</S>
                <S>New-SSMPatchBaseline</S>
                <S>New-SSMResourceDataSync</S>
                <S>Register-SSMDefaultPatchBaseline</S>
                <S>Register-SSMPatchBaselineForPatchGroup</S>
                <S>Register-SSMTargetWithMaintenanceWindow</S>
                <S>Register-SSMTaskWithMaintenanceWindow</S>
                <S>Remove-SSMActivation</S>
                <S>Remove-SSMAssociation</S>
                <S>Remove-SSMDocument</S>
                <S>Remove-SSMInventory</S>
                <S>Remove-SSMMaintenanceWindow</S>
                <S>Remove-SSMParameter</S>
                <S>Remove-SSMParameterCollection</S>
                <S>Remove-SSMPatchBaseline</S>
                <S>Remove-SSMResourceDataSync</S>
                <S>Remove-SSMResourceTag</S>
                <S>Reset-SSMServiceSetting</S>
                <S>Resume-SSMSession</S>
                <S>Send-SSMAutomationSignal</S>
                <S>Send-SSMCommand</S>
                <S>Set-SSMParameterVersionLabel</S>
                <S>Start-SSMAssociationsOnce</S>
                <S>Start-SSMAutomationExecution</S>
                <S>Start-SSMSession</S>
                <S>Stop-SSMAutomationExecution</S>
                <S>Stop-SSMCommand</S>
                <S>Stop-SSMMaintenanceWindowExecution</S>
                <S>Stop-SSMSession</S>
                <S>Unregister-SSMManagedInstance</S>
                <S>Unregister-SSMPatchBaselineForPatchGroup</S>
                <S>Unregister-SSMTargetFromMaintenanceWindow</S>
                <S>Unregister-SSMTaskFromMaintenanceWindow</S>
                <S>Update-SSMAssociation</S>
                <S>Update-SSMAssociationStatus</S>
                <S>Update-SSMDocument</S>
                <S>Update-SSMDocumentDefaultVersion</S>
                <S>Update-SSMMaintenanceWindow</S>
                <S>Update-SSMMaintenanceWindowTarget</S>
                <S>Update-SSMMaintenanceWindowTask</S>
                <S>Update-SSMManagedInstanceRole</S>
                <S>Update-SSMOpsItem</S>
                <S>Update-SSMPatchBaseline</S>
                <S>Update-SSMResourceDataSync</S>
                <S>Update-SSMServiceSetting</S>
                <S>Write-SSMComplianceItem</S>
                <S>Write-SSMInventory</S>
                <S>Write-SSMParameter</S>
              </LST>
            </Obj>
          </En>
        </DCT>
      </Obj>
      <Nil N="PowerShellGetFormatVersion" />
      <S N="ReleaseNotes">https://github.com/aws/aws-tools-for-powershell/blob/master/CHANGELOG.md</S>
      <Obj N="Dependencies" RefId="6">
        <TNRef RefId="1" />
        <LST>
          <Obj RefId="7">
            <TN RefId="3">
              <T>System.Collections.Specialized.OrderedDictionary</T>
              <T>System.Object</T>
            </TN>
            <DCT>
              <En>
                <S N="Key">Name</S>
                <S N="Value">AWS.Tools.Common</S>
              </En>
              <En>
                <S N="Key">RequiredVersion</S>
                <S N="Value">4.0.5</S>
              </En>
              <En>
                <S N="Key">CanonicalId</S>
                <S N="Value">nuget:AWS.Tools.Common/[4.0.5]</S>
              </En>
            </DCT>
          </Obj>
        </LST>
      </Obj>
      <S N="RepositorySourceLocation">https://www.powershellgallery.com/api/v2</S>
      <S N="Repository">PSGallery</S>
      <S N="PackageManagementProvider">NuGet</S>
      <Obj N="AdditionalMetadata" RefId="8">
        <TN RefId="4">
          <T>System.Management.Automation.PSCustomObject</T>
          <T>System.Object</T>
        </TN>
        <MS>
          <S N="copyright">Copyright 2012-2020 Amazon.com, Inc. or its affiliates. All Rights Reserved.</S>
          <S N="description">The SimpleSystemsManagement module of AWS Tools for PowerShell lets developers and administrators manage AWS Systems Manager from the PowerShell scripting environment. In order to manage each AWS service, install the corresponding module (e.g. AWS.Tools.EC2, AWS.Tools.S3...)._x000D__x000A_The module AWS.Tools.Installer (https://www.powershellgallery.com/packages/AWS.Tools.Installer/) makes it easier to install, update and uninstall the AWS.Tools modules._x000D__x000A_This version of AWS Tools for PowerShell is compatible with Windows PowerShell 5.1+ and PowerShell Core 6+ on Windows, Linux and macOS. When running on Windows PowerShell, .NET Framework 4.7.2 or newer is required. Alternative modules AWSPowerShell.NetCore and AWSPowerShell, provide support for all AWS services from a single module and also support older versions of Windows PowerShell and .NET Framework.</S>
          <S N="requireLicenseAcceptance">False</S>
          <S N="releaseNotes">https://github.com/aws/aws-tools-for-powershell/blob/master/CHANGELOG.md</S>
          <S N="isLatestVersion">False</S>
          <S N="isAbsoluteLatestVersion">False</S>
          <S N="versionDownloadCount">12933</S>
          <S N="downloadCount">32487</S>
          <S N="packageSize">589541</S>
          <S N="published">3/13/2020 5:04:30 PM +00:00</S>
          <S N="created">3/13/2020 5:04:30 PM +00:00</S>
          <S N="lastUpdated">7/9/2020 5:55:15 AM +01:00</S>
          <S N="tags">AWS cloud Windows PSEdition_Desktop PSEdition_Core Linux MacOS Mac PSModule PSCmdlet_Add-SSMResourceTag PSCommand_Add-SSMResourceTag PSCmdlet_Edit-SSMDocumentPermission PSCommand_Edit-SSMDocumentPermission PSCmdlet_Get-SSMActivation PSCommand_Get-SSMActivation PSCmdlet_Get-SSMAssociation PSCommand_Get-SSMAssociation PSCmdlet_Get-SSMAssociationExecution PSCommand_Get-SSMAssociationExecution PSCmdlet_Get-SSMAssociationExecutionTarget PSCommand_Get-SSMAssociationExecutionTarget PSCmdlet_Get-SSMAssociationList PSCommand_Get-SSMAssociationList PSCmdlet_Get-SSMAssociationVersionList PSCommand_Get-SSMAssociationVersionList PSCmdlet_Get-SSMAutomationExecution PSCommand_Get-SSMAutomationExecution PSCmdlet_Get-SSMAutomationExecutionList PSCommand_Get-SSMAutomationExecutionList PSCmdlet_Get-SSMAutomationStepExecution PSCommand_Get-SSMAutomationStepExecution PSCmdlet_Get-SSMAvailablePatch PSCommand_Get-SSMAvailablePatch PSCmdlet_Get-SSMCalendarState PSCommand_Get-SSMCalendarState PSCmdlet_Get-SSMCommand PSCommand_Get-SSMCommand PSCmdlet_Get-SSMCommandInvocation PSCommand_Get-SSMCommandInvocation PSCmdlet_Get-SSMCommandInvocationDetail PSCommand_Get-SSMCommandInvocationDetail PSCmdlet_Get-SSMComplianceItemList PSCommand_Get-SSMComplianceItemList PSCmdlet_Get-SSMComplianceSummaryList PSCommand_Get-SSMComplianceSummaryList PSCmdlet_Get-SSMConnectionStatus PSCommand_Get-SSMConnectionStatus PSCmdlet_Get-SSMDefaultPatchBaseline PSCommand_Get-SSMDefaultPatchBaseline PSCmdlet_Get-SSMDeployablePatchSnapshotForInstance PSCommand_Get-SSMDeployablePatchSnapshotForInstance PSCmdlet_Get-SSMDocument PSCommand_Get-SSMDocument PSCmdlet_Get-SSMDocumentDescription PSCommand_Get-SSMDocumentDescription PSCmdlet_Get-SSMDocumentList PSCommand_Get-SSMDocumentList PSCmdlet_Get-SSMDocumentPermission PSCommand_Get-SSMDocumentPermission PSCmdlet_Get-SSMDocumentVersionList PSCommand_Get-SSMDocumentVersionList PSCmdlet_Get-SSMEffectiveInstanceAssociationList PSCommand_Get-SSMEffectiveInstanceAssociationList PSCmdlet_Get-SSMEffectivePatchesForPatchBaseline PSCommand_Get-SSMEffectivePatchesForPatchBaseline PSCmdlet_Get-SSMInstanceAssociationsStatus PSCommand_Get-SSMInstanceAssociationsStatus PSCmdlet_Get-SSMInstanceInformation PSCommand_Get-SSMInstanceInformation PSCmdlet_Get-SSMInstancePatch PSCommand_Get-SSMInstancePatch PSCmdlet_Get-SSMInstancePatchState PSCommand_Get-SSMInstancePatchState PSCmdlet_Get-SSMInstancePatchStatesForPatchGroup PSCommand_Get-SSMInstancePatchStatesForPatchGroup PSCmdlet_Get-SSMInventory PSCommand_Get-SSMInventory PSCmdlet_Get-SSMInventoryDeletionList PSCommand_Get-SSMInventoryDeletionList PSCmdlet_Get-SSMInventoryEntryList PSCommand_Get-SSMInventoryEntryList PSCmdlet_Get-SSMInventorySchema PSCommand_Get-SSMInventorySchema PSCmdlet_Get-SSMLatestEC2Image PSCommand_Get-SSMLatestEC2Image PSCmdlet_Get-SSMMaintenanceWindow PSCommand_Get-SSMMaintenanceWindow PSCmdlet_Get-SSMMaintenanceWindowExecution PSCommand_Get-SSMMaintenanceWindowExecution PSCmdlet_Get-SSMMaintenanceWindowExecutionList PSCommand_Get-SSMMaintenanceWindowExecutionList PSCmdlet_Get-SSMMaintenanceWindowExecutionTask PSCommand_Get-SSMMaintenanceWindowExecutionTask PSCmdlet_Get-SSMMaintenanceWindowExecutionTaskInvocation PSCommand_Get-SSMMaintenanceWindowExecutionTaskInvocation PSCmdlet_Get-SSMMaintenanceWindowExecutionTaskInvocationList PSCommand_Get-SSMMaintenanceWindowExecutionTaskInvocationList PSCmdlet_Get-SSMMaintenanceWindowExecutionTaskList PSCommand_Get-SSMMaintenanceWindowExecutionTaskList PSCmdlet_Get-SSMMaintenanceWindowList PSCommand_Get-SSMMaintenanceWindowList PSCmdlet_Get-SSMMaintenanceWindowSchedule PSCommand_Get-SSMMaintenanceWindowSchedule PSCmdlet_Get-SSMMaintenanceWindowsForTarget PSCommand_Get-SSMMaintenanceWindowsForTarget PSCmdlet_Get-SSMMaintenanceWindowTarget PSCommand_Get-SSMMaintenanceWindowTarget PSCmdlet_Get-SSMMaintenanceWindowTask PSCommand_Get-SSMMaintenanceWindowTask PSCmdlet_Get-SSMMaintenanceWindowTaskList PSCommand_Get-SSMMaintenanceWindowTaskList PSCmdlet_Get-SSMOpsItem PSCommand_Get-SSMOpsItem PSCmdlet_Get-SSMOpsItemSummary PSCommand_Get-SSMOpsItemSummary PSCmdlet_Get-SSMOpsSummary PSCommand_Get-SSMOpsSummary PSCmdlet_Get-SSMParameter PSCommand_Get-SSMParameter PSCmdlet_Get-SSMParameterHistory PSCommand_Get-SSMParameterHistory PSCmdlet_Get-SSMParameterList PSCommand_Get-SSMParameterList PSCmdlet_Get-SSMParametersByPath PSCommand_Get-SSMParametersByPath PSCmdlet_Get-SSMParameterValue PSCommand_Get-SSMParameterValue PSCmdlet_Get-SSMPatchBaseline PSCommand_Get-SSMPatchBaseline PSCmdlet_Get-SSMPatchBaselineDetail PSCommand_Get-SSMPatchBaselineDetail PSCmdlet_Get-SSMPatchBaselineForPatchGroup PSCommand_Get-SSMPatchBaselineForPatchGroup PSCmdlet_Get-SSMPatchGroup PSCommand_Get-SSMPatchGroup PSCmdlet_Get-SSMPatchGroupState PSCommand_Get-SSMPatchGroupState PSCmdlet_Get-SSMPatchProperty PSCommand_Get-SSMPatchProperty PSCmdlet_Get-SSMResourceComplianceSummaryList PSCommand_Get-SSMResourceComplianceSummaryList PSCmdlet_Get-SSMResourceDataSync PSCommand_Get-SSMResourceDataSync PSCmdlet_Get-SSMResourceTag PSCommand_Get-SSMResourceTag PSCmdlet_Get-SSMServiceSetting PSCommand_Get-SSMServiceSetting PSCmdlet_Get-SSMSession PSCommand_Get-SSMSession PSCmdlet_New-SSMActivation PSCommand_New-SSMActivation PSCmdlet_New-SSMAssociation PSCommand_New-SSMAssociation PSCmdlet_New-SSMAssociationFromBatch PSCommand_New-SSMAssociationFromBatch PSCmdlet_New-SSMDocument PSCommand_New-SSMDocument PSCmdlet_New-SSMMaintenanceWindow PSCommand_New-SSMMaintenanceWindow PSCmdlet_New-SSMOpsItem PSCommand_New-SSMOpsItem PSCmdlet_New-SSMPatchBaseline PSCommand_New-SSMPatchBaseline PSCmdlet_New-SSMResourceDataSync PSCommand_New-SSMResourceDataSync PSCmdlet_Register-SSMDefaultPatchBaseline PSCommand_Register-SSMDefaultPatchBaseline PSCmdlet_Register-SSMPatchBaselineForPatchGroup PSCommand_Register-SSMPatchBaselineForPatchGroup PSCmdlet_Register-SSMTargetWithMaintenanceWindow PSCommand_Register-SSMTargetWithMaintenanceWindow PSCmdlet_Register-SSMTaskWithMaintenanceWindow PSCommand_Register-SSMTaskWithMaintenanceWindow PSCmdlet_Remove-SSMActivation PSCommand_Remove-SSMActivation PSCmdlet_Remove-SSMAssociation PSCommand_Remove-SSMAssociation PSCmdlet_Remove-SSMDocument PSCommand_Remove-SSMDocument PSCmdlet_Remove-SSMInventory PSCommand_Remove-SSMInventory PSCmdlet_Remove-SSMMaintenanceWindow PSCommand_Remove-SSMMaintenanceWindow PSCmdlet_Remove-SSMParameter PSCommand_Remove-SSMParameter PSCmdlet_Remove-SSMParameterCollection PSCommand_Remove-SSMParameterCollection PSCmdlet_Remove-SSMPatchBaseline PSCommand_Remove-SSMPatchBaseline PSCmdlet_Remove-SSMResourceDataSync PSCommand_Remove-SSMResourceDataSync PSCmdlet_Remove-SSMResourceTag PSCommand_Remove-SSMResourceTag PSCmdlet_Reset-SSMServiceSetting PSCommand_Reset-SSMServiceSetting PSCmdlet_Resume-SSMSession PSCommand_Resume-SSMSession PSCmdlet_Send-SSMAutomationSignal PSCommand_Send-SSMAutomationSignal PSCmdlet_Send-SSMCommand PSCommand_Send-SSMCommand PSCmdlet_Set-SSMParameterVersionLabel PSCommand_Set-SSMParameterVersionLabel PSCmdlet_Start-SSMAssociationsOnce PSCommand_Start-SSMAssociationsOnce PSCmdlet_Start-SSMAutomationExecution PSCommand_Start-SSMAutomationExecution PSCmdlet_Start-SSMSession PSCommand_Start-SSMSession PSCmdlet_Stop-SSMAutomationExecution PSCommand_Stop-SSMAutomationExecution PSCmdlet_Stop-SSMCommand PSCommand_Stop-SSMCommand PSCmdlet_Stop-SSMMaintenanceWindowExecution PSCommand_Stop-SSMMaintenanceWindowExecution PSCmdlet_Stop-SSMSession PSCommand_Stop-SSMSession PSCmdlet_Unregister-SSMManagedInstance PSCommand_Unregister-SSMManagedInstance PSCmdlet_Unregister-SSMPatchBaselineForPatchGroup PSCommand_Unregister-SSMPatchBaselineForPatchGroup PSCmdlet_Unregister-SSMTargetFromMaintenanceWindow PSCommand_Unregister-SSMTargetFromMaintenanceWindow PSCmdlet_Unregister-SSMTaskFromMaintenanceWindow PSCommand_Unregister-SSMTaskFromMaintenanceWindow PSCmdlet_Update-SSMAssociation PSCommand_Update-SSMAssociation PSCmdlet_Update-SSMAssociationStatus PSCommand_Update-SSMAssociationStatus PSCmdlet_Update-SSMDocument PSCommand_Update-SSMDocument PSCmdlet_Update-SSMDocumentDefaultVersion PSCommand_Update-SSMDocumentDefaultVersion PSCmdlet_Update-SSMMaintenanceWindow PSCommand_Update-SSMMaintenanceWindow PSCmdlet_Update-SSMMaintenanceWindowTarget PSCommand_Update-SSMMaintenanceWindowTarget PSCmdlet_Update-SSMMaintenanceWindowTask PSCommand_Update-SSMMaintenanceWindowTask PSCmdlet_Update-SSMManagedInstanceRole PSCommand_Update-SSMManagedInstanceRole PSCmdlet_Update-SSMOpsItem PSCommand_Update-SSMOpsItem PSCmdlet_Update-SSMPatchBaseline PSCommand_Update-SSMPatchBaseline PSCmdlet_Update-SSMResourceDataSync PSCommand_Update-SSMResourceDataSync PSCmdlet_Update-SSMServiceSetting PSCommand_Update-SSMServiceSetting PSCmdlet_Write-SSMComplianceItem PSCommand_Write-SSMComplianceItem PSCmdlet_Write-SSMInventory PSCommand_Write-SSMInventory PSCmdlet_Write-SSMParameter PSCommand_Write-SSMParameter PSIncludes_Cmdlet</S>
          <S N="developmentDependency">False</S>
          <S N="updated">2020-07-09T05:55:15Z</S>
          <S N="NormalizedVersion">4.0.5</S>
          <S N="Authors">Amazon.com Inc</S>
          <S N="IsPrerelease">false</S>
          <S N="ItemType">Module</S>
          <S N="FileList">AWS.Tools.SimpleSystemsManagement.nuspec|AWS.Tools.SimpleSystemsManagement.Aliases.psm1|AWS.Tools.SimpleSystemsManagement.Completers.psm1|AWS.Tools.SimpleSystemsManagement.dll|AWS.Tools.SimpleSystemsManagement.dll-Help.xml|AWS.Tools.SimpleSystemsManagement.Format.ps1xml|AWS.Tools.SimpleSystemsManagement.psd1|AWS.Tools.SimpleSystemsManagement.XML|AWSSDK.SimpleSystemsManagement.dll</S>
          <S N="GUID">edb5d1c1-b090-47b3-a133-a36321592456</S>
          <S N="PowerShellVersion">5.1</S>
          <S N="DotNetFrameworkVersion">4.7.2</S>
          <S N="CompanyName">Amazon.com, Inc</S>
        </MS>
      </Obj>
      <S N="InstalledLocation">C:\Dev\GitHub\PetAdoptions\cdk\pet_stack\lambda\sqlserver-seeder\Modules\AWS.Tools.SimpleSystemsManagement\4.0.5.0</S>
    </MS>
  </Obj>
</Objs>
